,,,,,,,,,,,,,,,,,
,Text,Output,Comparison,TRUE,FALSE,Total Char,Accuracy,,,,,,,,,,
,Picture,Picture,TTTTTTTTTFFF,9,3,12,0.75,,Document,Total True,Total False,Total Characters,Accuracy,,,,
,Picture,Picture,TTTTTTTTTFTFTTTTTFT,16,3,19,0.842105263,,D1,238,70,308,77.27%,,,,
,Picture,Picture,TTTTTFTTTTTTTFTFTFTTT,17,4,21,0.80952381,,D2,215,81,296,72.64%,,,,
,Picture,Picture,TTTTFTTFTTTTTTTTTTTTTTT,21,2,23,0.913043478,,D3,187,64,251,74.50%,,,,
,Picture,Picture,TFTTTFTFTTTTTTTTTFTTTT,18,4,22,0.818181818,,D4,261,44,305,85.57%,,,,
,Picture,Picture,TTTTFTTTFTTTTTTTTTTFT,18,3,21,0.857142857,,D5,233,45,278,83.81%,,,,
,Picture,Picture,TFFTTFTTTTTTFTTTTTFTTT,17,5,22,0.772727273,,D6,274,42,316,86.71%,,,,
,Picture,Picture,FTFTFTTTTTTTTFFTTTFF,13,7,20,0.65,,D7,246,60,306,80.39%,,,,
,Picture,Picture,TTTTTFTFFTTTTTFTFTTTT,16,5,21,0.761904762,,D8,238,85,323,73.68%,,,,
,Picture,Picture,TTTTFTTFTTTFTFFTTTT ,14,5,19,0.736842105,,D9,172,72,244,70.49%,,,,
,Picture,Picture,FFTTTTTTFTFTTTTTTTTTTT,18,4,22,0.818181818,,D10,196,59,255,76.86%,,,,
,Picture,Picture,TTTTTTFTFTFTTTTTTTTFTFF,17,6,23,0.739130435,,,,,,,,,,
,Picture,Picture,TTTTTTFTTTTTFTFTFFFTTF,15,7,22,0.681818182,,,,,,,,,,
,Picture,Picture,TTFTTTTFFTTTTFTFTFT,13,6,19,0.684210526,,,,,,,,,,
,Picture,Picture,TFFFFTFTTTTTTTTTTTFTTT,16,6,22,0.727272727,,,,,,,,,,
,,,,238,70,308,0.772727273,,,,,,,,,,
,,,,,,,,,,,,,,,,,
,Text,Output,Comparison,,,,,,,,,,,,,,
,Picture,,TFFFFTFTTTTFFTTTFTTTTTTF,15,9,24,0.625,,,,,,,,,,
,Picture,,TFTTFFTTTFFTTTTFTTTT,14,6,20,0.7,,,,,,,,,,
,Picture,,FFTTTFFTTTFTTTFTTTF ,12,7,19,0.631578947,,,,,,,,,,
,Picture,,TTTTTTTTTFTTTTTFFTFTTT,18,4,22,0.818181818,,,,,,,,,,
,Picture,,FFFTTFFTTTTTFTTFTTTTT,14,7,21,0.666666667,,,,,,,,,,
,Picture,,TFTFTFTTTTTTFTTTTTT,15,4,19,0.789473684,,,,,,,,,,
,Picture,,TFTFTFTTTTTTFTTTTTT,15,4,19,0.789473684,,,,,,,,,,
,Picture,,TTTTFTTFTTFTFFFTTT,12,6,18,0.666666667,,,,,,,,,,
,Picture,,TTFTT,4,1,5,0.8,,,,,,,,,,
,Picture,,TTTFFFTTTTTTTTFTTFFFFF,13,9,22,0.590909091,,,,,,,,,,
,Picture,,TTTTTFTTTFTTFTTTFFTFF,14,7,21,0.666666667,,,,,,,,,,
,Picture,,TFTFTTTTTTFTTTTTTTFF,15,5,20,0.75,,,,,,,,,,
,Picture,,TTTFTTTTTTFTTTTTFTTTF,17,4,21,0.80952381,,,,,,,,,,
,Picture,Picture,TTTTTTTFTTTFTTTTTTTFT,18,3,21,0.857142857,,,,,,,,,,
,Picture,,TTFTTTTTFFTFTTFTTTTTTTTT,19,5,24,0.791666667,,,,,,,,,,
,,,,215,81,296,0.726351351,,,,,,,,,,
,,,,,,,,,,,,,,,,,
,Text,Output,,,,,,,,,,,,,,,
,Picture,,TFTFTTTTFFFTFTT,9,6,15,0.6,,,,,,,,,,
,Picture,,TTFTTFTTTTTTTTF,12,3,15,0.8,,,,,,,,,,
,Picture,,TTTTTTTTTTTFFTTTTTT,17,2,19,0.894736842,,,,,,,,,,
,Picture,,TTTFTFTTTTTTTT,12,2,14,0.857142857,,,,,,,,,,
,Picture,,TTFFFTTFFTTTTTTTT,12,5,17,0.705882353,,,,,,,,,,
,,,,,,,,,,,,,,,,,
,,,,,,,,,,,,,,,,,
,Text,Output,,,,,,,,,,,,,,,
,Picture,,TFTTFFFTTFTTTTTTTT,13,5,18,0.722222222,,,,,,,,,,
,Picture,,TFFFFTTTFTTTTTFTFT,11,7,18,0.611111111,,,,,,,,,,
,Picture,,FTTTTTTTTTTFTFTTT,14,3,17,0.823529412,,,,,,,,,,
,Picture,,TTTTTTTFFTTTTFTTTT,15,3,18,0.833333333,,,,,,,,,,
,Picture,,TTTTFTFFFTTFFFTT,9,7,16,0.5625,,,,,,,,,,
,Picture,,TTFFTTTTTTTFTTTTT,14,3,17,0.823529412,,,,,,,,,,
,Picture,,TFTTTFTTTTTTTTFFF,12,5,17,0.705882353,,,,,,,,,,
,Picture,,TTFFTTTFFTFFTTTTTFT,12,7,19,0.631578947,,,,,,,,,,
,Picture,,TTTTTTTTTTTTFFTF,13,3,16,0.8125,,,,,,,,,,
,Picture,,TTTTTTFFTTTTTTF,12,3,15,0.8,,,,,,,,,,
,,,,187,64,251,0.74501992,,,,,,,,,,
,,,,,,,,,,,,,,,,,
,Text,Output,Comparison,,,,,,,,,,,,,,
,Picture,,TTFTFTFTTTTTTTTTTFTTT,17,4,21,0.80952381,,,,,,,,,,
,Picture,,TTTTTTTTFTTTTTTTTTTTTT,21,1,22,0.954545455,,,,,,,,,,
,Picture,,TTTTTTTTTTTFTTTTTTTT,19,1,20,0.95,,,,,,,,,,
,Picture,,TTTFTTTFTFTTTTTTTTFFTTT,18,5,23,0.782608696,,,,,,,,,,
,Picture,,FTTFTFTTFTTTTTTTTTTF,15,5,20,0.75,,,,,,,,,,
,Picture,,TTTFTTTTTTTTTTFTTTTT,18,2,20,0.9,,,,,,,,,,
,Picture,,TTTTTTTFFTFTTTFTTTTT,16,4,20,0.8,,,,,,,,,,
,Picture,,TTFTTTTTTTFTTTFTTTTT,17,3,20,0.85,,,,,,,,,,
,Picture,,TTTTTTTTTTTFFTTFTTTF,16,4,20,0.8,,,,,,,,,,
,Picture,,TTTTTTTTTFFFTTTTTT,15,3,18,0.833333333,,,,,,,,,,
,Picture,,TTTFTTTTTTFTFTTTTTTT,17,3,20,0.85,,,,,,,,,,
,Picture,,TTTTTTTTTTTTTTTFTTF,17,2,19,0.894736842,,,,,,,,,,
,Picture,,TTTTTFTTTTTTTTTTTTTTT,20,1,21,0.952380952,,,,,,,,,,
,Picture,,FTTFTTTTTTTTTTTTFTTTT,18,3,21,0.857142857,,,,,,,,,,
,Picture,,TTTTTTTTTTTTTTTFFTFT,17,3,20,0.85,,,,,,,,,,
,,,,261,44,305,0.855737705,,,,,,,,,,
,,,,,,,,,,,,,,,,,
,Text,Output,Comparison,,,,,,,,,,,,,,
,Picture,,TTTTTTTTTTTTFTTFTTTT,18,2,20,0.9,,,,,,,,,,
,Picture,,TTTTTTTTFTTTTFTTFTTTTT,19,3,22,0.863636364,,,,,,,,,,
,Picture,,TTFTTTFTTFTTTTTTFFTT,15,5,20,0.75,,,,,,,,,,
,Picture,,TTFTTTTTTTTFTFTTTTTTTT,19,3,22,0.863636364,,,,,,,,,,
,Picture,,TFFTTTTFTTFTTFTTTTTTFTTTT,19,6,25,0.76,,,,,,,,,,
,Picture,,FTTTTTTTTFTTTFTTTT,15,3,18,0.833333333,,,,,,,,,,
,Picture,,TFTTTTTFTTFTTTTFFTTT,15,5,20,0.75,,,,,,,,,,
,Picture,,TTTTTTTTTFTTFTTFTTT,16,3,19,0.842105263,,,,,,,,,,
,Picture,,TTFTTFTTTTTTTTTTTTTT,18,2,20,0.9,,,,,,,,,,
,Picture,,TTTTTTTFTTTTTFTTTTT,17,2,19,0.894736842,,,,,,,,,,
,Picture,,TFTTTTTTFTTFTTTTFTTT,16,4,20,0.8,,,,,,,,,,
,Picture,,TTTFTTTTTTTTTTTTTT,17,1,18,0.944444444,,,,,,,,,,
,Picture,,TTTFTTTFTFTTTTTTF,13,4,17,0.764705882,,,,,,,,,,
,Picture,,TTTTTTTTFTTTTTTTTF,16,2,18,0.888888889,,,,,,,,,,
,,,,233,45,278,0.838129496,,,,,,,,,,
,,,,,,,,,,,,,,,,,
,Text,Output,Comparison,,,,,,,,,,,,,,
,Picture,,TTTTTFTTTTFTTTFTTTTTT,18,3,21,0.857142857,,,,,,,,,,
,Picture,,TTTTTFTTTTFFTTFTTTTTT,17,4,21,0.80952381,,,,,,,,,,
,Picture,,TTTTTTTTTTTTTTTTFTT,18,1,19,0.947368421,,,,,,,,,,
,Picture,,TFFTTTTTTTTTTTTTTTTTTT,20,2,22,0.909090909,,,,,,,,,,
,Picture,,TTTTTTTTTTTFTTTTTTTT,19,1,20,0.95,,,,,,,,,,
,Picture,,TTTTTTTTTTTTFTFTTTFFTT,18,4,22,0.818181818,,,,,,,,,,
,Picture,,TTTTTTTTTTTTTTTTTTTT,20,0,20,1,,,,,,,,,,
,Picture,,TTFTTTFTTTTTTTTTTTTTTTT,21,2,23,0.913043478,,,,,,,,,,
,Picture,,TTTTFTTTTTFTTTFTFTTTF,16,5,21,0.761904762,,,,,,,,,,
,Picture,,FTFFTTTTTFTTTTTFTTTTT,16,5,21,0.761904762,,,,,,,,,,
,Picture,,TTTTTTTTTTFTTTTFFTTT,17,3,20,0.85,,,,,,,,,,
,Picture,,TTTTTTTTTTFTTTTFFTTF,16,4,20,0.8,,,,,,,,,,
,Picture,,TTTTTTTTFTTTTTTTTTTTTT,21,1,22,0.954545455,,,,,,,,,,
,Picture,,TTTTFTTTTTTTTFTTTTTTT,19,2,21,0.904761905,,,,,,,,,,
,Picture,,TTTTTTTFTTTFTFTTTTFFTTT,18,5,23,0.782608696,,,,,,,,,,
,,,,274,42,316,0.867088608,,,,,,,,,,
,,,,,,,,,,,,,,,,,
,Text,Output,Comparison,,,,,,,,,,,,,,
,Picture,,TTTTTTTTFTFTTTTTTFFTT,17,4,21,0.80952381,,,,,,,,,,
,Picture,,TTTTFTTTTFTTTTFFTTTT,16,4,20,0.8,,,,,,,,,,
,Picture,,TTFFTTFFTTTTTTTTTFF,13,6,19,0.684210526,,,,,,,,,,
,Picture,,TTFTTTTTFTFTTTFTTT,14,4,18,0.777777778,,,,,,,,,,
,Picture,,TTFTTTTTTTTTTTFTTT,16,2,18,0.888888889,,,,,,,,,,
,Picture,,TFTTTFTTFTTTTTTTTTT,16,3,19,0.842105263,,,,,,,,,,
,Picture,,TTTTTTFTTFTTTFTTFTFF,14,6,20,0.7,,,,,,,,,,
,Picture,,TTTTTTTTTTTFTTTTTFT,17,2,19,0.894736842,,,,,,,,,,
,Picture,,FTTTTTTTFTTTTTTTFTT,16,3,19,0.842105263,,,,,,,,,,
,Picture,,TTTTTFTTTTTTTTTTTTT,18,1,19,0.947368421,,,,,,,,,,
,Picture,,TFTTTTTTTTTTTTFTTT,16,2,18,0.888888889,,,,,,,,,,
,Picture,,TTTTFTTTTTFFTTFFTT,13,5,18,0.722222222,,,,,,,,,,
,Picture,,TFFTTTTTTTTTTTFTFT,14,4,18,0.777777778,,,,,,,,,,
,Picture,,TTTTFFFTTFTTFFTTTTTT,14,6,20,0.7,,,,,,,,,,
,Picture,,TFTTTFTTTTTTTTTTTTTT,18,2,20,0.9,,,,,,,,,,
,Picture,,TTTFTTFFFTTTTTTFTTTF,14,6,20,0.7,,,,,,,,,,
,,,,246,60,306,0.803921569,,,,,,,,,,
,,,,,,,,,,,,,,,,,
,Text,Output,Comparison,,,,,,,,,,,,,,
,Picture,,TFTFTTTTFFTTTFTTTTFFT,14,7,21,0.666666667,,,,,,,,,,
,Picture,,FTFFFFTTTFFTTTTFTTTT,12,8,20,0.6,,,,,,,,,,
,Picture,,FFTTTFTTFTTTTTFTTTT,14,5,19,0.736842105,,,,,,,,,,
,Picture,,TTTTTTTTTFTTTTFFTFTTT,17,4,21,0.80952381,,,,,,,,,,
,Picture,,FFFTTTFTTTTTFFTFTTTTT,14,7,21,0.666666667,,,,,,,,,,
,Picture,,TTTTTTTTFTTTFTTTT,15,2,17,0.882352941,,,,,,,,,,
,Picture,,TFTFTFTTTTTTFTTTTTT,15,4,19,0.789473684,,,,,,,,,,
,Picture,,TTTTFTTTTTFFTFFTTTT,14,5,19,0.736842105,,,,,,,,,,
,Picture,,TTFTTFTTTTTFTFTTTTFT,15,5,20,0.75,,,,,,,,,,
,Picture,,TTTTTTFTTTTTTTTTTTTT,19,1,20,0.95,,,,,,,,,,
,Picture,,TTTFFFFTTTTTTTFTTTFTTTT,17,6,23,0.739130435,,,,,,,,,,
,Picture,,TTTTTFTTTFTTFTTTFFTFT,15,6,21,0.714285714,,,,,,,,,,
,Picture,,FTTTTFTTTTFTTTTTTTFF,15,5,20,0.75,,,,,,,,,,
,Picture,,FTFTTTTFTTFTFTFTTTTF,13,7,20,0.65,,,,,,,,,,
,Picture,,TTFTFTFTTFTTTTTTTTT,15,4,19,0.789473684,,,,,,,,,,
,Picture,,TTTTFFTTTFTFTTTTFFFFFTT,14,9,23,0.608695652,,,,,,,,,,
,,,,238,85,323,0.736842105,,,,,,,,,,
,,,,,,,,,,,,,,,,,
,,,,,,,,,,,,,,,,,
,,,,,,,,,,,,,,,,,
,,,,,,,,,,,,,,,,,
,,,,,,,,,,,,,,,,,
,Text,Output,Comparison,,,,,,,,,,,,,,
,Picture,,TTFTFTTTTTTFT,10,3,13,0.769230769,,,,,,,,,,
,Picture,,TTTTFTFFTTTTTFTT,12,4,16,0.75,,,,,,,,,,
,Picture,,TTTTTTTFFTFTTT,11,3,14,0.785714286,,,,,,,,,,
,Picture,,TTTTTTFFFTTFFTT,10,5,15,0.666666667,,,,,,,,,,
,Picture,,FTTFTTTTFTTTF,9,4,13,0.692307692,,,,,,,,,,
,Picture,,TTFTTTFFFTTTT,9,4,13,0.692307692,,,,,,,,,,
,Picture,,TFTTFTTTTTFF,8,4,12,0.666666667,,,,,,,,,,
,Picture,,FTFTFTTFTFTTTFF,8,7,15,0.533333333,,,,,,,,,,
,Picture,,TFTTFTTFTTT,8,3,11,0.727272727,,,,,,,,,,
,Picture,,FFTFTTFFTTTTTT,9,5,14,0.642857143,,,,,,,,,,
,Picture,,TFFFFTTTFTTT,7,5,12,0.583333333,,,,,,,,,,
,,,,,,,,,,,,,,,,,
,,,,,,,,,,,,,,,,,
,Text,Output,,,,,,,,,,,,,,,
,Picture,,FFTFFTTFTTTTT,8,5,13,0.615384615,,,,,,,,,,
,Picture,,FTFTFTFTTTTTT,9,4,13,0.692307692,,,,,,,,,,
,Picture,,FTTFTTTFFTTTTTT,11,4,15,0.733333333,,,,,,,,,,
,Picture,,TTTFTTTFFTTTTF,10,4,14,0.714285714,,,,,,,,,,
,Picture,,TTTTTTTTTTTFF,11,2,13,0.846153846,,,,,,,,,,
,Picture,,TFTFTTTTTTFFT,9,4,13,0.692307692,,,,,,,,,,
,Picture,,TTTFTTTTFTTTTTT,13,2,15,0.866666667,,,,,,,,,,
,,,,172,72,244,0.704918033,,,,,,,,,,
,,,,,,,,,,,,,,,,,
,Text,Output,Comparison,,,,,,,,,,,,,,
,Picture,,TTTTFTTFTTTFFTTTTT,14,4,18,0.777777778,,,,,,,,,,
,Picture,,TTTTFFFTTTFFTTFT,10,6,16,0.625,,,,,,,,,,
,Picture,,FTFTFTFTTTFFFFTTFT,9,9,18,0.5,,,,,,,,,,
,Picture,,TTTTFFTTTTFTTTTFTT,14,4,18,0.777777778,,,,,,,,,,
,Picture,,TTTTFTFTFTTTTFTTT,13,4,17,0.764705882,,,,,,,,,,
,Picture,,FTTTTFTFFTTFTTTTT,12,5,17,0.705882353,,,,,,,,,,
,,,,,,,,,,,,,,,,,
,,,,,,,,,,,,,,,,,
,Text,Output,Comparison,,,,,,,,,,,,,,
,Picture,,TTTTTFTTTTTFTTT,13,2,15,0.866666667,,,,,,,,,,
,Picture,,FTTTTTFTTTTTTTF,12,3,15,0.8,,,,,,,,,,
,Picture,,TTTTFTTTTTFTFTFT,12,4,16,0.75,,,,,,,,,,
,Picture,,FTTTTTTTTTTTTTT,14,1,15,0.933333333,,,,,,,,,,
,Picture,,TTTTTTFTTTTTTT,13,1,14,0.928571429,,,,,,,,,,
,Picture,,TTTTTTFTTTTTTTT,14,1,15,0.933333333,,,,,,,,,,
,Picture,,TTFFFTTTFTTTTTT,11,4,15,0.733333333,,,,,,,,,,
,Picture,,TTTTFTTTTTTTTTT,14,1,15,0.933333333,,,,,,,,,,
,Picture,,TTTFFFFTFTTTTFT,9,6,15,0.6,,,,,,,,,,
,Picture,,TTTTTFTTTTTFTTFF,12,4,16,0.75,,,,,,,,,,
,,,,196,59,255,0.768627451,,,,,,,,,,
